{
  "version": 1,
  "author": "Anonymous maker",
  "editor": "wokwi",
  "parts": [
    {
      "type": "wokwi-esp32-devkit-v1",
      "id": "esp",
      "top": 4.1,
      "left": 3,
      "rotate": 90,
      "attrs": {}
    },
    { "type": "wokwi-mpu6050", "id": "imu1", "top": 215.02, "left": 69.52, "attrs": {} },
    { "type": "wokwi-ssd1306", "id": "oled1", "top": 217.9, "left": -94.1, "attrs": {} },
    {
      "type": "wokwi-buzzer",
      "id": "bz1",
      "top": -112.8,
      "left": -180.6,
      "attrs": { "volume": "0.1" }
    },
    {
      "type": "wokwi-dht22",
      "id": "dht1",
      "top": -153.3,
      "left": 42.6,
      "attrs": { "temperature": "27.3", "humidity": "100" }
    },
    {
      "type": "wokwi-hc-sr04",
      "id": "ultrasonic1",
      "top": -123.3,
      "left": 370.3,
      "attrs": { "distance": "343" }
    },
    {
      "type": "wokwi-gas-sensor",
      "id": "gas1",
      "top": -119.2,
      "left": 166.1,
      "rotate": 90,
      "attrs": {}
    },
    {
      "type": "wokwi-pir-motion-sensor",
      "id": "pir1",
      "top": -130.4,
      "left": 626.22,
      "attrs": {}
    },
    {
      "type": "wokwi-text",
      "id": "text1",
      "top": -412.8,
      "left": 249.6,
      "attrs": { "text": "SMART CAR AUTOMATIC DASHBOARD" }
    }
  ],
  "connections": [
    [ "esp:TX0", "$serialMonitor:RX", "", [] ],
    [ "esp:RX0", "$serialMonitor:TX", "", [] ],
    [ "imu1:GND", "esp:GND.1", "black", [ "v-19.2", "h-125.89", "v-47.7" ] ],
    [ "imu1:VCC", "esp:3V3", "red", [ "v-29.83", "h-143.92", "v-37.07" ] ],
    [ "imu1:SCL", "esp:D22", "white", [ "v-38.4", "h-9.82" ] ],
    [ "imu1:SDA", "esp:D21", "yellow", [ "v-12.15", "h-13.32" ] ],
    [ "oled1:CLK", "esp:D22", "white", [ "v-44.76", "h181.07" ] ],
    [ "oled1:DATA", "esp:D21", "yellow", [ "v-53.08", "h153.6", "v-23.42" ] ],
    [ "oled1:GND", "esp:GND.1", "black", [ "v-28.3", "h9.7" ] ],
    [ "oled1:VIN", "esp:3V3", "red", [ "v-39.46", "h0.69" ] ],
    [ "bz1:2", "esp:D13", "orange", [ "h162.8", "v76.8" ] ],
    [ "bz1:1", "esp:GND.2", "black", [ "v9.6", "h307.2" ] ],
    [ "esp:GND.2", "dht1:GND", "black", [ "v-48", "h76.9" ] ],
    [ "dht1:VCC", "esp:3V3", "red", [ "v38.4", "h-115.2", "v163.2", "h57.6", "v-9.3" ] ],
    [ "dht1:GND", "gas1:GND", "black", [ "v48", "h153.6" ] ],
    [ "dht1:VCC", "gas1:VCC", "red", [ "v38.4", "h172.8" ] ],
    [ "ultrasonic1:VCC", "gas1:VCC", "red", [ "v28.8", "h-220.8", "v-19.2" ] ],
    [ "gas1:GND", "ultrasonic1:GND", "black", [ "v28.8", "h240.8" ] ],
    [ "ultrasonic1:GND", "pir1:GND", "black", [ "v38.4", "h210" ] ],
    [ "ultrasonic1:VCC", "pir1:VCC", "red", [ "v28.8", "h220.8" ] ],
    [ "ultrasonic1:TRIG", "esp:D27", "green", [ "v57.6", "h-403.6" ] ],
    [ "ultrasonic1:ECHO", "esp:D26", "green", [ "v67.2", "h-404.1" ] ],
    [ "dht1:SDA", "esp:D15", "green", [ "v0" ] ],
    [ "gas1:AOUT", "esp:D33", "green", [ "v0" ] ],
    [ "pir1:OUT", "esp:D32", "green", [ "v86.4", "h-297.74" ] ]
  ],
  "dependencies": {}
}